{
  "dataset": "VisDrone-DET",
  "task": "object_detection",
  "model": "yolov8n",
  "epochs": 30,
  "imgsz": 640,
  "batch": 8,
  "mAP50": 0.3555103162097585,
  "mAP50_95": 0.1998574764972477,
  "seed": 42
}